"","cas_mode","strike_mode","weight"
"1","bicycle","NOV","1"
"2","bicycle","NOV","1"
"3","bicycle","NOV","1"
"4","bicycle","NOV","1"
"5","bicycle","NOV","1"
"6","bicycle","NOV","1"
"7","bicycle","NOV","1"
"8","bicycle","NOV","1"
"9","bicycle","NOV","1"
"10","bicycle","NOV","1"
"11","bicycle","NOV","1"
"12","bicycle","NOV","1"
"13","bicycle","NOV","1"
"14","bicycle","NOV","1"
"15","bicycle","NOV","1"
"16","bicycle","NOV","1"
"17","bicycle","NOV","1"
"18","bicycle","NOV","1"
"19","bicycle","NOV","1"
"20","bicycle","NOV","1"
"21","bicycle","NOV","1"
"22","bicycle","NOV","1"
"23","bicycle","NOV","1"
"24","bicycle","NOV","1"
"25","bicycle","NOV","1"
"26","bicycle","NOV","1"
"27","bicycle","NOV","1"
"28","bicycle","NOV","1"
"29","bicycle","NOV","1"
"30","bicycle","NOV","1"
"31","bicycle","NOV","1"
"32","bicycle","NOV","1"
"33","bicycle","NOV","1"
"34","bicycle","NOV","1"
"35","bicycle","NOV","1"
"36","bicycle","NOV","1"
"37","bicycle","NOV","1"
"38","bicycle","NOV","1"
"39","bicycle","NOV","1"
"40","bicycle","NOV","1"
"41","bicycle","NOV","1"
"42","car","NOV","1"
"43","car","NOV","1"
"44","car","NOV","1"
"45","car","NOV","1"
"46","car","NOV","1"
"47","car","NOV","1"
"48","car","NOV","1"
"49","car","NOV","1"
"50","car","NOV","1"
"51","car","NOV","1"
"52","car","NOV","1"
"53","car","NOV","1"
"54","car","NOV","1"
"55","car","NOV","1"
"56","car","NOV","1"
"57","car","NOV","1"
"58","car","NOV","1"
"59","car","NOV","1"
"60","car","NOV","1"
"61","car","NOV","1"
"62","car","NOV","1"
"63","car","NOV","1"
"64","car","NOV","1"
"65","car","NOV","1"
"66","car","NOV","1"
"67","car","NOV","1"
"68","car","NOV","1"
"69","car","NOV","1"
"70","car","NOV","1"
"71","car","NOV","1"
"72","car","NOV","1"
"73","car","NOV","1"
"74","car","NOV","1"
"75","car","NOV","1"
"76","car","NOV","1"
"77","car","NOV","1"
"78","car","NOV","1"
"79","car","NOV","1"
"80","car","NOV","1"
"81","car","NOV","1"
"82","car","NOV","1"
"83","car","NOV","1"
"84","car","NOV","1"
"85","car","NOV","1"
"86","car","NOV","1"
"87","car","NOV","1"
"88","car","NOV","1"
"89","car","NOV","1"
"90","car","NOV","1"
"91","car","NOV","1"
"92","car","NOV","1"
"93","car","NOV","1"
"94","car","NOV","1"
"95","car","NOV","1"
"96","car","NOV","1"
"97","car","NOV","1"
"98","car","NOV","1"
"99","car","NOV","1"
"100","car","NOV","1"
"101","car","NOV","1"
"102","car","NOV","1"
"103","car","NOV","1"
"104","car","NOV","1"
"105","car","NOV","1"
"106","car","NOV","1"
"107","car","NOV","1"
"108","car","NOV","1"
"109","car","NOV","1"
"110","car","NOV","1"
"111","car","NOV","1"
"112","car","NOV","1"
"113","car","NOV","1"
"114","car","NOV","1"
"115","car","NOV","1"
"116","car","NOV","1"
"117","car","NOV","1"
"118","car","NOV","1"
"119","car","NOV","1"
"120","car","NOV","1"
"121","car","NOV","1"
"122","car","NOV","1"
"123","car","NOV","1"
"124","car","NOV","1"
"125","car","NOV","1"
"126","car","NOV","1"
"127","car","NOV","1"
"128","car","NOV","1"
"129","car","NOV","1"
"130","car","NOV","1"
"131","car","NOV","1"
"132","car","NOV","1"
"133","car","NOV","1"
"134","car","NOV","1"
"135","car","NOV","1"
"136","car","NOV","1"
"137","car","NOV","1"
"138","car","NOV","1"
"139","car","NOV","1"
"140","car","NOV","1"
"141","car","NOV","1"
"142","car","NOV","1"
"143","car","NOV","1"
"144","car","NOV","1"
"145","car","NOV","1"
"146","car","NOV","1"
"147","car","NOV","1"
"148","car","NOV","1"
"149","car","NOV","1"
"150","car","NOV","1"
"151","car","NOV","1"
"152","car","NOV","1"
"153","car","NOV","1"
"154","car","NOV","1"
"155","car","NOV","1"
"156","car","NOV","1"
"157","car","NOV","1"
"158","car","NOV","1"
"159","car","NOV","1"
"160","car","NOV","1"
"161","car","NOV","1"
"162","car","NOV","1"
"163","car","NOV","1"
"164","car","NOV","1"
"165","car","NOV","1"
"166","car","NOV","1"
"167","car","NOV","1"
"168","car","NOV","1"
"169","car","NOV","1"
"170","car","NOV","1"
"171","car","NOV","1"
"172","car","NOV","1"
"173","car","NOV","1"
"174","car","NOV","1"
"175","car","NOV","1"
"176","car","NOV","1"
"177","car","NOV","1"
"178","car","NOV","1"
"179","car","NOV","1"
"180","car","NOV","1"
"181","car","NOV","1"
"182","car","NOV","1"
"183","car","NOV","1"
"184","car","NOV","1"
"185","car","NOV","1"
"186","car","NOV","1"
"187","car","NOV","1"
"188","car","NOV","1"
"189","car","NOV","1"
"190","car","NOV","1"
"191","car","NOV","1"
"192","car","NOV","1"
"193","car","NOV","1"
"194","car","NOV","1"
"195","car","NOV","1"
"196","car","NOV","1"
"197","car","NOV","1"
"198","car","NOV","1"
"199","car","NOV","1"
"200","car","NOV","1"
"201","car","NOV","1"
"202","car","NOV","1"
"203","car","NOV","1"
"204","car","NOV","1"
"205","car","NOV","1"
"206","car","NOV","1"
"207","car","NOV","1"
"208","car","NOV","1"
"209","car","NOV","1"
"210","car","NOV","1"
"211","car","NOV","1"
"212","car","NOV","1"
"213","car","NOV","1"
"214","car","NOV","1"
"215","car","NOV","1"
"216","car","NOV","1"
"217","car","NOV","1"
"218","car","NOV","1"
"219","car","NOV","1"
"220","car","NOV","1"
"221","car","NOV","1"
"222","car","NOV","1"
"223","car","NOV","1"
"224","car","NOV","1"
"225","car","NOV","1"
"226","car","NOV","1"
"227","car","NOV","1"
"228","car","NOV","1"
"229","car","NOV","1"
"230","car","NOV","1"
"231","car","NOV","1"
"232","car","NOV","1"
"233","car","NOV","1"
"234","car","NOV","1"
"235","car","NOV","1"
"236","car","NOV","1"
"237","car","NOV","1"
"238","car","NOV","1"
"239","car","NOV","1"
"240","car","NOV","1"
"241","car","NOV","1"
"242","car","NOV","1"
"243","car","NOV","1"
"244","car","NOV","1"
"245","car","NOV","1"
"246","car","NOV","1"
"247","car","NOV","1"
"248","car","NOV","1"
"249","car","NOV","1"
"250","car","NOV","1"
"251","car","NOV","1"
"252","car","NOV","1"
"253","car","NOV","1"
"254","car","NOV","1"
"255","car","NOV","1"
"256","car","NOV","1"
"257","car","NOV","1"
"258","car","NOV","1"
"259","car","NOV","1"
"260","car","NOV","1"
"261","car","NOV","1"
"262","car","NOV","1"
"263","car","NOV","1"
"264","car","NOV","1"
"265","car","NOV","1"
"266","car","NOV","1"
"267","car","NOV","1"
"268","car","NOV","1"
"269","car","NOV","1"
"270","car","NOV","1"
"271","car","NOV","1"
"272","car","NOV","1"
"273","car","NOV","1"
"274","car","NOV","1"
"275","car","NOV","1"
"276","car","NOV","1"
"277","car","NOV","1"
"278","car","NOV","1"
"279","car","NOV","1"
"280","car","NOV","1"
"281","car","NOV","1"
"282","car","NOV","1"
"283","car","NOV","1"
"284","car","NOV","1"
"285","car","NOV","1"
"286","car","NOV","1"
"287","car","NOV","1"
"288","car","NOV","1"
"289","car","NOV","1"
"290","car","NOV","1"
"291","car","NOV","1"
"292","car","NOV","1"
"293","car","NOV","1"
"294","car","NOV","1"
"295","car","NOV","1"
"296","car","NOV","1"
"297","car","NOV","1"
"298","car","NOV","1"
"299","car","NOV","1"
"300","car","NOV","1"
"301","car","NOV","1"
"302","car","NOV","1"
"303","car","NOV","1"
"304","car","NOV","1"
"305","car","NOV","1"
"306","car","NOV","1"
"307","car","NOV","1"
"308","car","NOV","1"
"309","car","NOV","1"
"310","car","NOV","1"
"311","car","NOV","1"
"312","car","NOV","1"
"313","car","NOV","1"
"314","car","NOV","1"
"315","car","NOV","1"
"316","car","NOV","1"
"317","car","NOV","1"
"318","car","NOV","1"
"319","car","NOV","1"
"320","car","NOV","1"
"321","car","NOV","1"
"322","car","NOV","1"
"323","car","NOV","1"
"324","car","NOV","1"
"325","car","NOV","1"
"326","car","NOV","1"
"327","car","NOV","1"
"328","car","NOV","1"
"329","car","NOV","1"
"330","car","NOV","1"
"331","car","NOV","1"
"332","car","NOV","1"
"333","car","NOV","1"
"334","car","NOV","1"
"335","car","NOV","1"
"336","car","NOV","1"
"337","car","NOV","1"
"338","car","NOV","1"
"339","car","NOV","1"
"340","car","NOV","1"
"341","car","NOV","1"
"342","car","NOV","1"
"343","car","NOV","1"
"344","car","NOV","1"
"345","car","NOV","1"
"346","car","NOV","1"
"347","car","NOV","1"
"348","car","NOV","1"
"349","car","NOV","1"
"350","car","NOV","1"
"351","car","NOV","1"
"352","car","NOV","1"
"353","car","NOV","1"
"354","car","NOV","1"
"355","car","NOV","1"
"356","car","NOV","1"
"357","car","NOV","1"
"358","car","NOV","1"
"359","car","NOV","1"
"360","car","NOV","1"
"361","car","NOV","1"
"362","car","NOV","1"
"363","car","NOV","1"
"364","car","NOV","1"
"365","car","NOV","1"
"366","car","NOV","1"
"367","car","NOV","1"
"368","car","NOV","1"
"369","car","NOV","1"
"370","car","NOV","1"
"371","car","NOV","1"
"372","car","NOV","1"
"373","car","NOV","1"
"374","car","NOV","1"
"375","car","NOV","1"
"376","car","NOV","1"
"377","car","NOV","1"
"378","car","NOV","1"
"379","car","NOV","1"
"380","car","NOV","1"
"381","car","NOV","1"
"382","car","NOV","1"
"383","car","NOV","1"
"384","car","NOV","1"
"385","car","NOV","1"
"386","car","NOV","1"
"387","car","NOV","1"
"388","car","NOV","1"
"389","car","NOV","1"
"390","car","NOV","1"
"391","car","NOV","1"
"392","car","NOV","1"
"393","car","NOV","1"
"394","car","NOV","1"
"395","car","NOV","1"
"396","car","NOV","1"
"397","car","NOV","1"
"398","car","NOV","1"
"399","car","NOV","1"
"400","car","NOV","1"
"401","car","NOV","1"
"402","car","NOV","1"
"403","car","NOV","1"
"404","car","NOV","1"
"405","car","NOV","1"
"406","car","NOV","1"
"407","car","NOV","1"
"408","motorcycle","NOV","1"
"409","motorcycle","NOV","1"
"410","motorcycle","NOV","1"
"411","motorcycle","NOV","1"
"412","motorcycle","NOV","1"
"413","motorcycle","NOV","1"
"414","motorcycle","NOV","1"
"415","motorcycle","NOV","1"
"416","motorcycle","NOV","1"
"417","motorcycle","NOV","1"
"418","motorcycle","NOV","1"
"419","motorcycle","NOV","1"
"420","motorcycle","NOV","1"
"421","motorcycle","NOV","1"
"422","motorcycle","NOV","1"
"423","motorcycle","NOV","1"
"424","motorcycle","NOV","1"
"425","motorcycle","NOV","1"
"426","motorcycle","NOV","1"
"427","motorcycle","NOV","1"
"428","motorcycle","NOV","1"
"429","motorcycle","NOV","1"
"430","motorcycle","NOV","1"
"431","motorcycle","NOV","1"
"432","motorcycle","NOV","1"
"433","motorcycle","NOV","1"
"434","motorcycle","NOV","1"
"435","motorcycle","NOV","1"
"436","motorcycle","NOV","1"
"437","motorcycle","NOV","1"
"438","motorcycle","NOV","1"
"439","motorcycle","NOV","1"
"440","motorcycle","NOV","1"
"441","motorcycle","NOV","1"
"442","motorcycle","NOV","1"
"443","motorcycle","NOV","1"
"444","motorcycle","NOV","1"
"445","motorcycle","NOV","1"
"446","motorcycle","NOV","1"
"447","motorcycle","NOV","1"
"448","motorcycle","NOV","1"
"449","motorcycle","NOV","1"
"450","motorcycle","NOV","1"
"451","motorcycle","NOV","1"
"452","motorcycle","NOV","1"
"453","motorcycle","NOV","1"
"454","motorcycle","NOV","1"
"455","motorcycle","NOV","1"
"456","motorcycle","NOV","1"
"457","motorcycle","NOV","1"
"458","motorcycle","NOV","1"
"459","motorcycle","NOV","1"
"460","motorcycle","NOV","1"
"461","motorcycle","NOV","1"
"462","motorcycle","NOV","1"
"463","motorcycle","NOV","1"
"464","motorcycle","NOV","1"
"465","motorcycle","NOV","1"
"466","motorcycle","NOV","1"
"467","motorcycle","NOV","1"
"468","motorcycle","NOV","1"
"469","motorcycle","NOV","1"
"470","motorcycle","NOV","1"
"471","motorcycle","NOV","1"
"472","motorcycle","NOV","1"
"473","motorcycle","NOV","1"
"474","motorcycle","NOV","1"
"475","motorcycle","NOV","1"
"476","motorcycle","NOV","1"
"477","motorcycle","NOV","1"
"478","motorcycle","NOV","1"
"479","motorcycle","NOV","1"
"480","motorcycle","NOV","1"
"481","motorcycle","NOV","1"
"482","motorcycle","NOV","1"
"483","motorcycle","NOV","1"
"484","motorcycle","NOV","1"
"485","motorcycle","NOV","1"
"486","motorcycle","NOV","1"
"487","motorcycle","NOV","1"
"488","motorcycle","NOV","1"
"489","motorcycle","NOV","1"
"490","motorcycle","NOV","1"
"491","motorcycle","NOV","1"
"492","motorcycle","NOV","1"
"493","motorcycle","NOV","1"
"494","motorcycle","NOV","1"
"495","motorcycle","NOV","1"
"496","motorcycle","NOV","1"
"497","motorcycle","NOV","1"
"498","motorcycle","NOV","1"
"499","motorcycle","NOV","1"
"500","motorcycle","NOV","1"
"501","motorcycle","NOV","1"
"502","motorcycle","NOV","1"
"503","motorcycle","NOV","1"
"504","motorcycle","NOV","1"
"505","motorcycle","NOV","1"
"506","motorcycle","NOV","1"
"507","motorcycle","NOV","1"
"508","motorcycle","NOV","1"
"509","motorcycle","NOV","1"
"510","motorcycle","NOV","1"
"511","motorcycle","NOV","1"
"512","motorcycle","NOV","1"
"513","motorcycle","NOV","1"
"514","motorcycle","NOV","1"
"515","motorcycle","NOV","1"
"516","motorcycle","NOV","1"
"517","motorcycle","NOV","1"
"518","motorcycle","NOV","1"
"519","motorcycle","NOV","1"
"520","motorcycle","NOV","1"
"521","motorcycle","NOV","1"
"522","motorcycle","NOV","1"
"523","motorcycle","NOV","1"
"524","motorcycle","NOV","1"
"525","motorcycle","NOV","1"
"526","motorcycle","NOV","1"
"527","motorcycle","NOV","1"
"528","motorcycle","NOV","1"
"529","motorcycle","NOV","1"
"530","motorcycle","NOV","1"
"531","motorcycle","NOV","1"
"532","motorcycle","NOV","1"
"533","motorcycle","NOV","1"
"534","motorcycle","NOV","1"
"535","motorcycle","NOV","1"
"536","motorcycle","NOV","1"
"537","motorcycle","NOV","1"
"538","bus","NOV","1"
"539","bus","NOV","1"
"540","bus","NOV","1"
"541","bus","NOV","1"
"542","bus","NOV","1"
"543","bus","NOV","1"
"544","bus","NOV","1"
"545","bus","NOV","1"
"546","bus","NOV","1"
"547","bus","NOV","1"
"548","bus","NOV","1"
"549","bus","NOV","1"
"550","bus","NOV","1"
"551","bus","NOV","1"
"552","truck","NOV","1"
"553","truck","NOV","1"
"554","truck","NOV","1"
"555","truck","NOV","1"
"556","truck","NOV","1"
"557","truck","NOV","1"
"558","truck","NOV","1"
"559","truck","NOV","1"
"560","truck","NOV","1"
"561","truck","NOV","1"
"562","truck","NOV","1"
"563","truck","NOV","1"
"564","pedestrian","NOV","1"
"565","pedestrian","NOV","1"
"566","pedestrian","NOV","1"
"567","pedestrian","NOV","1"
"568","pedestrian","NOV","1"
"569","pedestrian","NOV","1"
"570","pedestrian","NOV","1"
"571","pedestrian","NOV","1"
"572","pedestrian","NOV","1"
"573","pedestrian","NOV","1"
"574","pedestrian","NOV","1"
"575","pedestrian","NOV","1"
"576","pedestrian","NOV","1"
"577","pedestrian","NOV","1"
"578","pedestrian","NOV","1"
"579","pedestrian","NOV","1"
"580","pedestrian","NOV","1"
"581","pedestrian","NOV","1"
"582","pedestrian","NOV","1"
"583","pedestrian","NOV","1"
"584","pedestrian","NOV","1"
"585","pedestrian","NOV","1"
"586","pedestrian","NOV","1"
"587","pedestrian","NOV","1"
"588","pedestrian","NOV","1"
"589","pedestrian","NOV","1"
"590","pedestrian","NOV","1"
"591","pedestrian","NOV","1"
"592","pedestrian","NOV","1"
"593","pedestrian","NOV","1"
"594","pedestrian","NOV","1"
"595","pedestrian","NOV","1"
"596","pedestrian","NOV","1"
"597","pedestrian","NOV","1"
"598","pedestrian","NOV","1"
"599","pedestrian","NOV","1"
"600","pedestrian","NOV","1"
"601","pedestrian","NOV","1"
"602","pedestrian","NOV","1"
"603","pedestrian","NOV","1"
"604","pedestrian","NOV","1"
"605","pedestrian","NOV","1"
"606","pedestrian","NOV","1"
"607","pedestrian","NOV","1"
"608","pedestrian","NOV","1"
"609","pedestrian","NOV","1"
"610","pedestrian","NOV","1"
"611","pedestrian","NOV","1"
"612","pedestrian","NOV","1"
"613","pedestrian","NOV","1"
"614","pedestrian","NOV","1"
"615","pedestrian","NOV","1"
"616","pedestrian","NOV","1"
"617","pedestrian","NOV","1"
"618","pedestrian","NOV","1"
"619","pedestrian","NOV","1"
"620","pedestrian","NOV","1"
"621","pedestrian","NOV","1"
"622","pedestrian","NOV","1"
"623","pedestrian","NOV","1"
"624","pedestrian","NOV","1"
"625","pedestrian","NOV","1"
"626","pedestrian","NOV","1"
"627","pedestrian","NOV","1"
"628","pedestrian","NOV","1"
"629","pedestrian","NOV","1"
"630","pedestrian","NOV","1"
"631","pedestrian","NOV","1"
"632","pedestrian","NOV","1"
"633","pedestrian","NOV","1"
"634","pedestrian","NOV","1"
"635","pedestrian","NOV","1"
"636","pedestrian","NOV","1"
"637","pedestrian","NOV","1"
"638","pedestrian","NOV","1"
"639","pedestrian","NOV","1"
"640","pedestrian","NOV","1"
"641","pedestrian","NOV","1"
"642","pedestrian","NOV","1"
"643","pedestrian","NOV","1"
"644","pedestrian","NOV","1"
"645","pedestrian","NOV","1"
"646","pedestrian","NOV","1"
"647","pedestrian","NOV","1"
"648","pedestrian","NOV","1"
"649","pedestrian","NOV","1"
"650","pedestrian","NOV","1"
"651","pedestrian","NOV","1"
"652","pedestrian","NOV","1"
"653","pedestrian","NOV","1"
"654","pedestrian","NOV","1"
"655","pedestrian","NOV","1"
"656","pedestrian","NOV","1"
"657","pedestrian","NOV","1"
"658","pedestrian","NOV","1"
"659","pedestrian","NOV","1"
"660","pedestrian","NOV","1"
"661","pedestrian","NOV","1"
"662","pedestrian","NOV","1"
"663","pedestrian","NOV","1"
"664","pedestrian","NOV","1"
"665","pedestrian","NOV","1"
"666","pedestrian","NOV","1"
"667","pedestrian","NOV","1"
"668","pedestrian","NOV","1"
"669","pedestrian","NOV","1"
"670","pedestrian","NOV","1"
"671","pedestrian","NOV","1"
"672","pedestrian","NOV","1"
"673","pedestrian","NOV","1"
"674","pedestrian","NOV","1"
"675","pedestrian","NOV","1"
"676","pedestrian","NOV","1"
"677","pedestrian","NOV","1"
"678","pedestrian","NOV","1"
"679","pedestrian","NOV","1"
"680","pedestrian","NOV","1"
"681","pedestrian","NOV","1"
"682","pedestrian","NOV","1"
"683","pedestrian","NOV","1"
"684","pedestrian","NOV","1"
"685","pedestrian","NOV","1"
"686","pedestrian","NOV","1"
"687","pedestrian","NOV","1"
"688","pedestrian","NOV","1"
"689","pedestrian","NOV","1"
"690","pedestrian","NOV","1"
"691","pedestrian","NOV","1"
"692","pedestrian","NOV","1"
"693","pedestrian","NOV","1"
"694","pedestrian","NOV","1"
"695","pedestrian","NOV","1"
"696","pedestrian","NOV","1"
"697","pedestrian","NOV","1"
"698","pedestrian","NOV","1"
"699","pedestrian","NOV","1"
"700","pedestrian","NOV","1"
"701","pedestrian","NOV","1"
"702","pedestrian","NOV","1"
"703","pedestrian","NOV","1"
"704","pedestrian","NOV","1"
"705","pedestrian","NOV","1"
"706","pedestrian","NOV","1"
"707","pedestrian","NOV","1"
"708","pedestrian","NOV","1"
"709","pedestrian","NOV","1"
"710","pedestrian","NOV","1"
"711","pedestrian","NOV","1"
"712","pedestrian","NOV","1"
"713","pedestrian","NOV","1"
"714","pedestrian","NOV","1"
"715","pedestrian","NOV","1"
"716","pedestrian","NOV","1"
"717","pedestrian","NOV","1"
"718","pedestrian","NOV","1"
"719","pedestrian","NOV","1"
"720","pedestrian","NOV","1"
"721","pedestrian","NOV","1"
"722","pedestrian","NOV","1"
"723","pedestrian","NOV","1"
"724","pedestrian","NOV","1"
"725","pedestrian","NOV","1"
"726","pedestrian","NOV","1"
"727","pedestrian","NOV","1"
"728","pedestrian","NOV","1"
"729","pedestrian","NOV","1"
"730","pedestrian","NOV","1"
"731","pedestrian","NOV","1"
"732","pedestrian","NOV","1"
"733","pedestrian","NOV","1"
"734","pedestrian","NOV","1"
"735","pedestrian","NOV","1"
"736","pedestrian","NOV","1"
"737","pedestrian","NOV","1"
"738","pedestrian","NOV","1"
"739","pedestrian","NOV","1"
"740","pedestrian","NOV","1"
"741","pedestrian","NOV","1"
"742","pedestrian","NOV","1"
"743","pedestrian","NOV","1"
"744","pedestrian","NOV","1"
"745","pedestrian","NOV","1"
"746","pedestrian","NOV","1"
"747","pedestrian","NOV","1"
"748","pedestrian","NOV","1"
"749","pedestrian","NOV","1"
"750","pedestrian","NOV","1"
"751","pedestrian","NOV","1"
"752","pedestrian","NOV","1"
"753","pedestrian","NOV","1"
"754","pedestrian","NOV","1"
"755","pedestrian","NOV","1"
"756","pedestrian","NOV","1"
"757","pedestrian","NOV","1"
"758","pedestrian","NOV","1"
"759","pedestrian","NOV","1"
"760","pedestrian","NOV","1"
"761","pedestrian","NOV","1"
"762","pedestrian","NOV","1"
"763","pedestrian","NOV","1"
"764","pedestrian","NOV","1"
"765","pedestrian","NOV","1"
"766","pedestrian","NOV","1"
"767","pedestrian","NOV","1"
"768","pedestrian","NOV","1"
"769","pedestrian","NOV","1"
"770","pedestrian","NOV","1"
"771","pedestrian","NOV","1"
"772","pedestrian","NOV","1"
"773","pedestrian","NOV","1"
"774","pedestrian","NOV","1"
"775","pedestrian","NOV","1"
"776","pedestrian","NOV","1"
"777","pedestrian","NOV","1"
"778","pedestrian","NOV","1"
"779","pedestrian","NOV","1"
"780","pedestrian","NOV","1"
"781","pedestrian","NOV","1"
"782","pedestrian","NOV","1"
"783","pedestrian","NOV","1"
"784","pedestrian","NOV","1"
"785","pedestrian","NOV","1"
"786","pedestrian","NOV","1"
"787","pedestrian","NOV","1"
"788","pedestrian","NOV","1"
"789","pedestrian","NOV","1"
"790","pedestrian","NOV","1"
"791","pedestrian","NOV","1"
"792","pedestrian","NOV","1"
"793","pedestrian","NOV","1"
"794","pedestrian","NOV","1"
"795","pedestrian","NOV","1"
"796","pedestrian","NOV","1"
"797","pedestrian","NOV","1"
"798","pedestrian","NOV","1"
"799","pedestrian","NOV","1"
"800","pedestrian","NOV","1"
"801","pedestrian","NOV","1"
"802","pedestrian","NOV","1"
"803","pedestrian","NOV","1"
"804","pedestrian","NOV","1"
"805","pedestrian","NOV","1"
"806","pedestrian","NOV","1"
"807","pedestrian","NOV","1"
"808","pedestrian","NOV","1"
"809","pedestrian","NOV","1"
"810","pedestrian","NOV","1"
"811","pedestrian","NOV","1"
"812","pedestrian","NOV","1"
"813","pedestrian","NOV","1"
"814","pedestrian","NOV","1"
"815","pedestrian","NOV","1"
"816","pedestrian","NOV","1"
"817","pedestrian","NOV","1"
"818","pedestrian","NOV","1"
"819","pedestrian","NOV","1"
"820","pedestrian","NOV","1"
"821","pedestrian","NOV","1"
"822","pedestrian","NOV","1"
"823","pedestrian","NOV","1"
"824","pedestrian","NOV","1"
"825","pedestrian","NOV","1"
"826","pedestrian","NOV","1"
"827","pedestrian","NOV","1"
"828","pedestrian","NOV","1"
"829","pedestrian","NOV","1"
"830","pedestrian","NOV","1"
"831","pedestrian","NOV","1"
"832","pedestrian","NOV","1"
"833","pedestrian","NOV","1"
"834","pedestrian","NOV","1"
"835","pedestrian","NOV","1"
"836","pedestrian","NOV","1"
"837","pedestrian","NOV","1"
"838","pedestrian","NOV","1"
"839","pedestrian","NOV","1"
"840","pedestrian","NOV","1"
"841","pedestrian","NOV","1"
"842","pedestrian","NOV","1"
"843","pedestrian","NOV","1"
"844","pedestrian","NOV","1"
"845","pedestrian","NOV","1"
"846","pedestrian","NOV","1"
"847","pedestrian","NOV","1"
"848","pedestrian","NOV","1"
"849","pedestrian","NOV","1"
"850","pedestrian","NOV","1"
"851","pedestrian","NOV","1"
"852","pedestrian","NOV","1"
"853","pedestrian","NOV","1"
"854","pedestrian","NOV","1"
"855","pedestrian","NOV","1"
"856","pedestrian","NOV","1"
"857","pedestrian","NOV","1"
"858","pedestrian","NOV","1"
"859","pedestrian","NOV","1"
"860","pedestrian","NOV","1"
"861","pedestrian","NOV","1"
"862","pedestrian","NOV","1"
"863","pedestrian","NOV","1"
"864","pedestrian","NOV","1"
"865","pedestrian","NOV","1"
"866","pedestrian","NOV","1"
"867","pedestrian","NOV","1"
"868","pedestrian","NOV","1"
"869","pedestrian","NOV","1"
"870","pedestrian","NOV","1"
"871","pedestrian","NOV","1"
"872","pedestrian","NOV","1"
"873","pedestrian","NOV","1"
"874","pedestrian","NOV","1"
"875","pedestrian","NOV","1"
"876","pedestrian","NOV","1"
"877","pedestrian","NOV","1"
"878","pedestrian","NOV","1"
"879","pedestrian","NOV","1"
"880","pedestrian","NOV","1"
"881","pedestrian","NOV","1"
"882","pedestrian","NOV","1"
"883","pedestrian","NOV","1"
"884","pedestrian","NOV","1"
"885","pedestrian","NOV","1"
"886","pedestrian","NOV","1"
"887","pedestrian","NOV","1"
"888","pedestrian","NOV","1"
"889","pedestrian","NOV","1"
"890","pedestrian","NOV","1"
"891","pedestrian","NOV","1"
"892","pedestrian","NOV","1"
"893","pedestrian","NOV","1"
"894","pedestrian","NOV","1"
"895","pedestrian","NOV","1"
"896","pedestrian","NOV","1"
"897","pedestrian","NOV","1"
"898","pedestrian","NOV","1"
"899","pedestrian","NOV","1"
"900","pedestrian","NOV","1"
"901","pedestrian","NOV","1"
"902","pedestrian","NOV","1"
"903","pedestrian","NOV","1"
"904","pedestrian","NOV","1"
"905","pedestrian","NOV","1"
"906","pedestrian","NOV","1"
"907","pedestrian","NOV","1"
"908","pedestrian","NOV","1"
"909","pedestrian","NOV","1"
"910","pedestrian","NOV","1"
"911","pedestrian","NOV","1"
"912","pedestrian","NOV","1"
"913","pedestrian","NOV","1"
"914","pedestrian","NOV","1"
"915","pedestrian","NOV","1"
"916","pedestrian","NOV","1"
"917","pedestrian","NOV","1"
"918","pedestrian","NOV","1"
"919","pedestrian","NOV","1"
"920","pedestrian","NOV","1"
"921","pedestrian","NOV","1"
"922","pedestrian","NOV","1"
"923","pedestrian","NOV","1"
"924","pedestrian","NOV","1"
"925","pedestrian","NOV","1"
"926","pedestrian","NOV","1"
"927","pedestrian","NOV","1"
"928","pedestrian","NOV","1"
"929","pedestrian","NOV","1"
"930","pedestrian","NOV","1"
"931","pedestrian","NOV","1"
"932","pedestrian","NOV","1"
"933","pedestrian","NOV","1"
"934","pedestrian","NOV","1"
"935","pedestrian","NOV","1"
"936","pedestrian","NOV","1"
"937","pedestrian","NOV","1"
"938","pedestrian","NOV","1"
"939","pedestrian","NOV","1"
"940","pedestrian","NOV","1"
"941","pedestrian","NOV","1"
"942","pedestrian","NOV","1"
"943","pedestrian","NOV","1"
"944","pedestrian","NOV","1"
"945","pedestrian","NOV","1"
"946","pedestrian","NOV","1"
"947","pedestrian","NOV","1"
"948","pedestrian","NOV","1"
"949","pedestrian","NOV","1"
"950","pedestrian","NOV","1"
"951","pedestrian","NOV","1"
"952","pedestrian","NOV","1"
"953","pedestrian","NOV","1"
"954","pedestrian","NOV","1"
"955","pedestrian","NOV","1"
"956","pedestrian","NOV","1"
"957","pedestrian","NOV","1"
"958","pedestrian","NOV","1"
"959","pedestrian","NOV","1"
"960","pedestrian","NOV","1"
"961","pedestrian","NOV","1"
"962","pedestrian","NOV","1"
"963","pedestrian","NOV","1"
"964","pedestrian","NOV","1"
"965","pedestrian","NOV","1"
"966","pedestrian","NOV","1"
"967","pedestrian","NOV","1"
"968","pedestrian","NOV","1"
"969","pedestrian","NOV","1"
"970","pedestrian","NOV","1"
"971","pedestrian","NOV","1"
"972","pedestrian","NOV","1"
"973","pedestrian","NOV","1"
"974","pedestrian","NOV","1"
"975","pedestrian","NOV","1"
"976","pedestrian","NOV","1"
"977","pedestrian","NOV","1"
"978","pedestrian","NOV","1"
"979","pedestrian","NOV","1"
"980","pedestrian","NOV","1"
"981","pedestrian","NOV","1"
"982","pedestrian","NOV","1"
"983","pedestrian","NOV","1"
"984","pedestrian","NOV","1"
"985","pedestrian","NOV","1"
"986","pedestrian","NOV","1"
"987","pedestrian","NOV","1"
"988","pedestrian","NOV","1"
"989","pedestrian","NOV","1"
"990","pedestrian","NOV","1"
"991","pedestrian","NOV","1"
"992","pedestrian","NOV","1"
"993","pedestrian","NOV","1"
"994","pedestrian","NOV","1"
"995","pedestrian","NOV","1"
"996","pedestrian","NOV","1"
"997","pedestrian","NOV","1"
"998","pedestrian","NOV","1"
"999","pedestrian","NOV","1"
"1000","pedestrian","NOV","1"
"1001","pedestrian","NOV","1"
"1002","pedestrian","NOV","1"
"1003","pedestrian","NOV","1"
"1004","pedestrian","NOV","1"
"1005","pedestrian","NOV","1"
"1006","pedestrian","NOV","1"
"1007","pedestrian","NOV","1"
"1008","pedestrian","NOV","1"
"1009","pedestrian","NOV","1"
"1010","pedestrian","NOV","1"
"1011","pedestrian","NOV","1"
"1012","pedestrian","NOV","1"
"1013","pedestrian","NOV","1"
"1014","pedestrian","NOV","1"
"1015","pedestrian","NOV","1"
"1016","pedestrian","NOV","1"
"1017","pedestrian","NOV","1"
"1018","pedestrian","NOV","1"
"1019","pedestrian","NOV","1"
"1020","pedestrian","NOV","1"
"1021","pedestrian","NOV","1"
"1022","pedestrian","NOV","1"
"1023","pedestrian","NOV","1"
"1024","pedestrian","NOV","1"
"1025","pedestrian","NOV","1"
"1026","pedestrian","NOV","1"
"1027","pedestrian","NOV","1"
"1028","pedestrian","NOV","1"
"1029","pedestrian","NOV","1"
"1030","pedestrian","NOV","1"
"1031","pedestrian","NOV","1"
"1032","pedestrian","NOV","1"
"1033","pedestrian","NOV","1"
"1034","pedestrian","NOV","1"
"1035","pedestrian","NOV","1"
"1036","pedestrian","NOV","1"
"1037","pedestrian","NOV","1"
"1038","pedestrian","NOV","1"
"1039","pedestrian","NOV","1"
"1040","pedestrian","NOV","1"
"1041","pedestrian","NOV","1"
"1042","pedestrian","NOV","1"
"1043","pedestrian","NOV","1"
"1044","pedestrian","NOV","1"
"1045","pedestrian","NOV","1"
"1046","pedestrian","NOV","1"
"1047","pedestrian","NOV","1"
"1048","pedestrian","NOV","1"
"1049","pedestrian","NOV","1"
"1050","pedestrian","NOV","1"
"1051","pedestrian","NOV","1"
"1052","pedestrian","NOV","1"
"1053","pedestrian","NOV","1"
"1054","pedestrian","NOV","1"
"1055","pedestrian","NOV","1"
"1056","pedestrian","NOV","1"
"1057","pedestrian","NOV","1"
"1058","pedestrian","NOV","1"
"1059","pedestrian","NOV","1"
"1060","pedestrian","NOV","1"
"1061","pedestrian","NOV","1"
"1062","pedestrian","NOV","1"
"1063","pedestrian","NOV","1"
"1064","pedestrian","NOV","1"
"1065","pedestrian","NOV","1"
"1066","pedestrian","NOV","1"
"1067","pedestrian","NOV","1"
"1068","pedestrian","NOV","1"
"1069","pedestrian","NOV","1"
"1070","pedestrian","NOV","1"
"1071","pedestrian","NOV","1"
"1072","pedestrian","NOV","1"
"1073","pedestrian","NOV","1"
"1074","pedestrian","NOV","1"
"1075","pedestrian","NOV","1"
"1076","pedestrian","NOV","1"
"1077","pedestrian","NOV","1"
"1078","pedestrian","NOV","1"
"1079","pedestrian","NOV","1"
"1080","pedestrian","NOV","1"
"1081","pedestrian","NOV","1"
"1082","pedestrian","NOV","1"
"1083","pedestrian","NOV","1"
"1084","pedestrian","NOV","1"
"1085","pedestrian","NOV","1"
"1086","pedestrian","NOV","1"
"1087","pedestrian","NOV","1"
"1088","pedestrian","NOV","1"
"1089","pedestrian","NOV","1"
"1090","pedestrian","NOV","1"
"1091","pedestrian","NOV","1"
"1092","pedestrian","NOV","1"
"1093","pedestrian","NOV","1"
"1094","pedestrian","NOV","1"
"1095","pedestrian","NOV","1"
"1096","pedestrian","NOV","1"
"1097","pedestrian","NOV","1"
"1098","pedestrian","NOV","1"
"1099","pedestrian","NOV","1"
"1100","pedestrian","NOV","1"
"1101","pedestrian","NOV","1"
"1102","pedestrian","NOV","1"
"1103","pedestrian","NOV","1"
"1104","pedestrian","NOV","1"
"1105","pedestrian","NOV","1"
"1106","pedestrian","NOV","1"
"1107","pedestrian","NOV","1"
"1108","pedestrian","NOV","1"
"1109","pedestrian","NOV","1"
"1110","pedestrian","NOV","1"
"1111","pedestrian","NOV","1"
"1112","pedestrian","NOV","1"
"1113","pedestrian","NOV","1"
"1114","pedestrian","NOV","1"
"1115","pedestrian","NOV","1"
"1116","pedestrian","NOV","1"
"1117","pedestrian","NOV","1"
"1118","pedestrian","NOV","1"
"1119","pedestrian","NOV","1"
"1120","pedestrian","NOV","1"
"1121","pedestrian","NOV","1"
"1122","pedestrian","NOV","1"
"1123","pedestrian","NOV","1"
"1124","pedestrian","NOV","1"
"1125","pedestrian","NOV","1"
"1126","pedestrian","NOV","1"
"1127","pedestrian","NOV","1"
"1128","pedestrian","NOV","1"
"1129","pedestrian","NOV","1"
"1130","pedestrian","NOV","1"
"1131","pedestrian","NOV","1"
"1132","pedestrian","NOV","1"
"1133","pedestrian","NOV","1"
"1134","pedestrian","NOV","1"
"1135","pedestrian","NOV","1"
"1136","pedestrian","NOV","1"
"1137","pedestrian","NOV","1"
"1138","pedestrian","NOV","1"
"1139","pedestrian","NOV","1"
"1140","pedestrian","NOV","1"
"1141","pedestrian","NOV","1"
"1142","pedestrian","NOV","1"
"1143","pedestrian","NOV","1"
"1144","pedestrian","NOV","1"
"1145","pedestrian","NOV","1"
"1146","pedestrian","NOV","1"
"1147","pedestrian","NOV","1"
"1148","pedestrian","NOV","1"
"1149","pedestrian","NOV","1"
"1150","pedestrian","NOV","1"
"1151","pedestrian","NOV","1"
"1152","pedestrian","NOV","1"
"1153","pedestrian","NOV","1"
"1154","pedestrian","NOV","1"
"1155","pedestrian","NOV","1"
"1156","pedestrian","NOV","1"
"1157","pedestrian","NOV","1"
"1158","pedestrian","NOV","1"
"1159","pedestrian","NOV","1"
"1160","pedestrian","NOV","1"
"1161","pedestrian","NOV","1"
"1162","pedestrian","NOV","1"
"1163","pedestrian","NOV","1"
"1164","pedestrian","NOV","1"
"1165","pedestrian","NOV","1"
"1166","pedestrian","NOV","1"
"1167","pedestrian","NOV","1"
"1168","pedestrian","NOV","1"
"1169","pedestrian","NOV","1"
"1170","pedestrian","NOV","1"
"1171","pedestrian","NOV","1"
"1172","pedestrian","NOV","1"
"1173","pedestrian","NOV","1"
"1174","pedestrian","NOV","1"
"1175","pedestrian","NOV","1"
"1176","pedestrian","NOV","1"
"1177","pedestrian","NOV","1"
"1178","pedestrian","NOV","1"
"1179","pedestrian","NOV","1"
"1180","pedestrian","NOV","1"
"1181","pedestrian","NOV","1"
"1182","pedestrian","NOV","1"
"1183","pedestrian","NOV","1"
"1184","pedestrian","NOV","1"
"1185","pedestrian","NOV","1"
"1186","pedestrian","NOV","1"
"1187","pedestrian","NOV","1"
"1188","pedestrian","NOV","1"
"1189","pedestrian","NOV","1"
"1190","pedestrian","NOV","1"
"1191","pedestrian","NOV","1"
"1192","pedestrian","NOV","1"
"1193","pedestrian","NOV","1"
"1194","pedestrian","NOV","1"
"1195","pedestrian","NOV","1"
"1196","pedestrian","NOV","1"
"1197","pedestrian","NOV","1"
"1198","pedestrian","NOV","1"
"1199","pedestrian","NOV","1"
"1200","pedestrian","NOV","1"
"1201","pedestrian","NOV","1"
"1202","other","NOV","1"
"1203","other","NOV","1"
"1204","other","NOV","1"
"1205","other","NOV","1"
"1206","other","NOV","1"
"1207","other","NOV","1"
"1208","other","NOV","1"
"1209","other","NOV","1"
"1210","other","NOV","1"
"1211","other","NOV","1"
"1212","other","NOV","1"
"1213","other","NOV","1"
"1214","other","NOV","1"
"1215","other","NOV","1"
"1216","other","NOV","1"
"1217","other","NOV","1"
"1218","other","NOV","1"
"1219","other","NOV","1"
"1220","other","NOV","1"
"1221","other","NOV","1"
"1222","other","NOV","1"
"1223","other","NOV","1"
"1224","other","NOV","1"
"1225","other","NOV","1"
"1226","other","NOV","1"
"1227","other","NOV","1"
"1228","other","NOV","1"
"1229","other","NOV","1"
"1230","other","NOV","1"
"1231","other","NOV","1"
"1232","other","NOV","1"
"1233","other","NOV","1"
"1234","other","NOV","1"
"1235","other","NOV","1"
"1236","other","NOV","1"
"1237","other","NOV","1"
"1238","other","NOV","1"
"1239","other","NOV","1"
"1240","other","NOV","1"
"1241","other","NOV","1"
"1242","other","NOV","1"
"1243","other","NOV","1"
"1244","other","NOV","1"
"1245","other","NOV","1"
"1246","other","NOV","1"
"1247","other","NOV","1"
"1248","other","NOV","1"
"1249","other","NOV","1"
"1250","other","NOV","1"
"1251","other","NOV","1"
"1252","other","NOV","1"
"1253","other","NOV","1"
"1254","other","NOV","1"
"1255","other","NOV","1"
"1256","other","NOV","1"
"1257","other","NOV","1"
"1258","other","NOV","1"
"1259","other","NOV","1"
"1260","other","NOV","1"
"1261","other","NOV","1"
"1262","other","NOV","1"
"1263","other","NOV","1"
